Fold,Policy,Risk_PR_AUC,Risk_Threshold_Probability,Risk_Threshold_Score_pct,Precision,Recall,F1,TP,FP,FN,TN,Flag_Count,Flag_Rate_pct
Future_E4_2020-10-27,Risk Only,0.1156010452101413,0.06,6.0,0.0,0.0,0.0,0,0,10,618,0,0.0
Future_E4_2020-10-27,Risk + Uncertainty,0.1156010452101413,0.06,6.0,0.0,0.0,0.0,0,0,10,618,0,0.0
Future_E4_2020-10-27,OOD Only,0.1156010452101413,0.06,6.0,1.0,0.8,0.8888888888888888,8,0,2,618,8,1.2738853503184715
Future_E4_2020-10-27,Risk + OOD,0.1156010452101413,0.06,6.0,1.0,0.8,0.8888888888888888,8,0,2,618,8,1.2738853503184715
Future_E4_2020-10-27,Risk + Uncertainty + OOD,0.1156010452101413,0.06,6.0,1.0,0.8,0.8888888888888888,8,0,2,618,8,1.2738853503184715
Future_E5_2020-11-03,Risk Only,0.014705882352941176,0.06,6.0,0.0,0.0,0.0,0,0,1,925,0,0.0
Future_E5_2020-11-03,Risk + Uncertainty,0.014705882352941176,0.06,6.0,0.0,0.0,0.0,0,0,1,925,0,0.0
Future_E5_2020-11-03,OOD Only,0.014705882352941176,0.06,6.0,0.0,0.0,0.0,0,12,1,913,12,1.2958963282937366
Future_E5_2020-11-03,Risk + OOD,0.014705882352941176,0.06,6.0,0.0,0.0,0.0,0,12,1,913,12,1.2958963282937366
Future_E5_2020-11-03,Risk + Uncertainty + OOD,0.014705882352941176,0.06,6.0,0.0,0.0,0.0,0,12,1,913,12,1.2958963282937366
