Scope,Policy,Threshold,Precision,Recall,F1,F2,TP,FP,FN,TN,Flag_Count,Flag_Rate_pct,PR_AUC
PerSeed_OOF,Seed_42,0.06,0.6666666666666666,0.8235294117647058,0.7368421052631579,0.7865168539325843,14.0,7.0,3.0,1187.0,21.0,1.7341040462427744,0.808511421051223
PerSeed_OOF,Seed_100,0.06,0.7777777777777778,0.8235294117647058,0.8,0.813953488372093,14.0,4.0,3.0,1190.0,18.0,1.486374896779521,0.8387256695251725
PerSeed_OOF,Seed_2026,0.06,0.8,0.7058823529411765,0.75,0.7228915662650602,12.0,3.0,5.0,1191.0,15.0,1.2386457473162675,0.8129230672813873
PerSeed_OOF,Seed_777,0.06,0.65,0.7647058823529411,0.7027027027027027,0.7386363636363636,13.0,7.0,4.0,1187.0,20.0,1.6515276630883566,0.7885780689111661
PerSeed_OOF,Seed_1234,0.06,0.6666666666666666,0.7058823529411765,0.6857142857142857,0.6976744186046512,12.0,6.0,5.0,1188.0,18.0,1.486374896779521,0.8334397374510446
PerSeed_Mean,Mean_of_5_CV_Seeds,0.06,0.7122222222222222,0.7647058823529412,0.7350518187360292,0.7519345381621505,13.0,5.4,4.0,1188.6,18.4,1.519405450041288,0.8164355928439987
PerSeed_Std,Std_of_5_CV_Seeds,0.06,0.06328458162621399,0.0526133641764656,0.03981350768585106,0.04244239151112224,0.8944271909999159,1.624807680927192,0.8944271909999159,1.624807680927192,2.0591260281974,0.17003517986766303,0.018095084561104965
Ensemble_OOF,Risk_Only,0.06,0.6666666666666666,0.8235294117647058,0.7368421052631579,0.7865168539325843,14.0,7.0,3.0,1187.0,21.0,1.7341040462427744,0.8503779246299632
Ensemble_OOF,Risk_Plus_Uncertainty,0.06,0.6,0.8823529411764706,0.7142857142857143,0.8064516129032258,15.0,10.0,2.0,1184.0,25.0,2.064409578860446,0.8503779246299632
