Fold,Policy,Precision,Recall,F1,TP,FP,FN,TN,Flag_Count,Flag_Rate_pct
Future_E4_2020-10-27,Risk Only,0.0,0.0,0.0,0,0,5,309,0,0.0
Future_E4_2020-10-27,Risk + Uncertainty,0.0,0.0,0.0,0,0,5,309,0,0.0
Future_E4_2020-10-27,OOD Only,1.0,0.8,0.8888888888888888,4,0,1,309,4,1.2738853503184715
Future_E4_2020-10-27,Risk + OOD,1.0,0.8,0.8888888888888888,4,0,1,309,4,1.2738853503184715
Future_E4_2020-10-27,Risk + Uncertainty + OOD,1.0,0.8,0.8888888888888888,4,0,1,309,4,1.2738853503184715
Future_E5_2020-11-03,Risk Only,0.0,0.0,0.0,0,0,1,462,0,0.0
Future_E5_2020-11-03,Risk + Uncertainty,0.0,0.0,0.0,0,0,1,462,0,0.0
Future_E5_2020-11-03,OOD Only,0.0,0.0,0.0,0,6,1,456,6,1.2958963282937366
Future_E5_2020-11-03,Risk + OOD,0.0,0.0,0.0,0,6,1,456,6,1.2958963282937366
Future_E5_2020-11-03,Risk + Uncertainty + OOD,0.0,0.0,0.0,0,6,1,456,6,1.2958963282937366
